"","Sample_001","Sample_002","Sample_003","Sample_004","Sample_005","Sample_006","Sample_007","Sample_008","Sample_009","Sample_010","Sample_011","Sample_012","Sample_013","Sample_014","Sample_015","Sample_016","Sample_017","Sample_018","Sample_019","Sample_020","Sample_021","Sample_022","Sample_023","Sample_024","Sample_025","Sample_026","Sample_027","Sample_028","Sample_029","Sample_030","Sample_031","Sample_032","Sample_033","Sample_034","Sample_035","Sample_036","Sample_037","Sample_038","Sample_039","Sample_040","Sample_041","Sample_042","Sample_043","Sample_044","Sample_045","Sample_046","Sample_047","Sample_048","Sample_049","Sample_050","Sample_051","Sample_052","Sample_053","Sample_054","Sample_055","Sample_056","Sample_057","Sample_058","Sample_059","Sample_060"
"Taxon_001",16,243,78,40,827,18,32,34,36,220,52,51,40,15,22,300,154,9,343,275,137,412,47,32,25,87,59,200,90,104,40,96,481,7,39,110,42,150,217,396,442,215,88,266,176,71,2,475,94,283,1046,154,47,25,85,117,48,165,64,8
"Taxon_002",6,219,143,34,718,47,28,45,6,180,82,32,262,12,33,254,1,3,363,239,122,449,97,8,25,95,59,66,126,100,27,96,427,1,79,99,78,87,236,351,416,173,64,239,159,181,2,431,100,252,915,149,58,63,68,105,34,209,91,9
"Taxon_003",25,182,53,19,604,10,41,40,22,153,44,118,31,19,19,210,31,8,261,198,129,319,38,23,30,81,56,14,46,75,119,71,408,2,18,125,88,150,165,316,329,172,72,195,158,60,4,460,66,208,798,110,25,21,56,122,51,134,25,13
"Taxon_004",0,304,140,37,971,7,66,57,11,246,132,44,48,158,62,357,7,19,433,313,161,472,32,41,34,131,98,61,46,101,50,142,551,44,45,136,64,85,219,585,521,218,77,321,206,83,3,562,115,342,1228,164,40,30,128,149,52,185,17,26
"Taxon_005",168,233,211,126,841,13,31,25,26,214,49,64,67,83,22,296,16,3,323,255,129,375,14,9,22,88,136,6,60,82,35,107,503,14,26,112,46,61,174,383,415,174,86,252,159,66,9,453,99,284,1163,146,33,39,71,110,35,145,12,16
"Taxon_006",154,296,83,31,1231,18,52,35,3,246,19,57,60,15,24,381,36,88,403,317,183,470,63,20,27,103,70,8,82,100,36,107,546,35,28,139,49,78,207,471,518,223,87,322,206,98,104,558,105,331,1211,165,38,33,118,138,78,210,46,0
"Taxon_007",36,260,115,38,823,6,41,35,25,216,2,63,39,10,22,287,12,23,349,273,152,407,17,67,27,92,60,82,42,117,41,93,489,14,44,137,156,67,208,404,606,187,68,325,179,72,4,492,97,378,1060,146,33,32,79,132,38,167,16,12
"Taxon_008",7,305,116,32,974,9,46,23,9,236,9,50,51,21,65,336,6,4,416,327,163,479,25,32,146,107,73,72,43,114,37,103,621,38,32,165,50,86,210,469,552,214,85,324,197,83,6,562,113,335,1266,205,193,29,90,154,67,189,51,44
"Taxon_009",2,170,40,29,367,3,60,10,3,127,2,27,42,4,96,181,7,22,165,124,95,192,9,3,11,47,29,57,17,41,28,39,218,3,21,57,49,33,98,191,220,114,32,121,76,34,3,220,71,157,471,63,18,12,36,55,17,73,30,6
"Taxon_010",41,140,33,62,357,53,16,25,37,88,47,62,27,6,12,143,82,12,154,140,62,215,15,35,15,60,26,18,17,40,13,42,216,5,86,51,19,31,79,245,200,94,29,139,74,31,33,211,104,124,465,62,16,24,34,77,18,72,6,67
"Taxon_011",12,1,2,23,23,0,38,14,93,34,91,95,76,54,145,253,17,78,44,70,4,139,15,267,40,331,40,107,68,44,82,0,5,64,209,3,74,46,9,1,52,49,27,70,67,90,38,35,11,13,7,26,57,1,213,39,48,132,2,4
"Taxon_012",34,2,0,30,62,18,109,39,270,124,251,150,161,20,400,701,19,17,82,190,0,240,49,765,47,940,95,309,116,75,225,4,31,231,623,11,70,130,56,4,43,65,31,109,195,152,112,24,3,74,13,75,15,3,606,79,41,337,10,6
"Taxon_013",58,15,1,31,81,4,105,28,276,98,269,157,221,3,401,690,23,13,87,175,4,253,44,761,47,915,140,303,107,99,217,0,39,184,574,63,73,141,22,11,49,47,0,111,201,174,111,50,0,33,58,75,15,3,606,25,35,334,1,14
"Taxon_014",62,1,12,34,40,8,123,23,144,53,136,78,93,1,221,371,10,20,44,97,5,133,34,422,231,491,105,161,56,45,117,5,17,129,317,5,52,76,15,2,20,27,29,59,105,83,62,14,10,17,6,41,22,48,331,12,34,184,111,18
"Taxon_015",10,2,3,44,24,5,40,10,118,92,111,145,62,36,148,269,11,17,89,67,19,96,117,365,18,349,53,116,46,29,83,0,14,73,250,3,27,89,44,2,28,30,1,42,85,65,58,49,1,24,44,53,7,40,233,8,8,132,0,42
"Taxon_016",20,5,0,39,60,2,114,26,273,94,252,140,176,1,391,669,28,12,79,156,1,254,65,739,50,887,92,286,99,74,257,47,81,222,539,9,70,162,23,12,221,47,5,117,189,146,107,56,102,31,11,72,17,3,600,21,17,325,7,16
"Taxon_017",48,4,0,29,60,20,132,26,323,94,256,142,155,24,412,661,33,12,132,173,55,240,62,731,48,884,91,324,133,87,221,0,11,185,540,12,94,139,21,16,36,123,10,171,249,145,107,92,10,54,12,118,15,31,586,60,17,324,6,15
"Taxon_018",34,3,3,68,31,8,60,15,144,49,125,70,79,11,206,347,22,8,44,81,0,119,123,360,30,446,133,151,51,75,114,25,6,87,279,4,47,118,37,1,17,24,17,53,93,73,64,50,35,19,20,36,8,5,285,11,14,157,25,7
"Taxon_019",41,56,114,23,46,47,154,109,135,44,115,74,73,2,176,315,14,6,37,83,12,111,45,341,31,420,53,144,56,47,132,1,40,97,252,32,38,66,13,5,24,21,9,247,88,76,50,26,0,21,5,45,35,15,278,23,10,199,1,3
"Taxon_020",9,2,32,13,23,1,75,40,117,55,100,62,69,4,267,270,48,14,33,79,13,92,56,285,26,399,49,121,54,121,89,4,5,70,221,26,30,48,10,4,14,17,0,103,133,144,51,21,17,12,7,70,70,1,234,111,19,133,8,2
"Taxon_021",19,1,17,39,731,39,66,39,437,312,58,27,60,0,0,54,175,186,0,118,0,59,26,0,15,8,36,0,54,3,0,2,8,8,50,58,2,1,5,216,0,0,132,1,23,25,205,208,16,136,15,113,183,36,50,45,46,62,341,236
"Taxon_022",29,0,18,362,2,43,78,0,0,65,0,0,0,0,0,73,79,102,27,316,402,127,409,0,112,171,12,55,2,16,81,49,83,31,302,102,180,8,0,1,224,35,0,11,41,0,0,28,6,22,39,29,46,138,0,73,162,0,49,23
"Taxon_023",0,32,0,0,0,107,2,0,0,0,50,21,0,0,3,0,0,1,0,146,0,0,160,46,5,67,146,100,34,151,29,53,107,0,99,26,239,1,28,26,322,0,0,0,7,0,2,0,20,144,41,37,13,109,83,0,52,83,175,129
"Taxon_024",0,51,0,28,3,30,0,0,0,0,18,0,57,82,47,8,0,783,17,0,79,3,0,0,44,131,1,0,2,277,0,459,3,35,0,0,11,0,118,156,46,131,0,0,0,3,33,143,85,39,3,195,0,4,145,0,40,58,0,42
"Taxon_025",0,0,0,92,0,96,32,3,0,83,2,0,10,0,0,0,1,9,185,15,64,16,0,0,0,0,1,0,1,0,75,0,2,5,0,0,2,91,27,0,9,7,151,28,0,26,152,11,1,0,0,0,114,85,0,1,104,32,6,6
"Taxon_026",0,0,0,0,0,110,33,0,291,66,284,40,5,0,42,0,186,159,0,8,49,52,0,109,0,0,5,0,0,0,4,76,158,25,15,0,0,11,76,1,1,0,0,26,0,0,49,375,0,223,0,21,62,150,17,53,310,13,0,54
"Taxon_027",6,0,162,7,9,557,22,34,74,77,247,116,12,0,89,2,119,109,167,3,54,3,48,249,9,1,476,128,116,52,12,221,2,0,4,29,69,505,107,0,205,0,74,189,102,12,255,0,5,75,284,284,0,14,1,464,19,0,0,73
"Taxon_028",0,7,91,115,24,0,278,153,32,0,57,16,0,330,0,0,112,91,0,2,164,0,0,9,6,0,214,0,0,8,0,0,0,15,307,22,25,48,0,7,0,165,214,25,0,0,0,3,433,340,5,0,0,34,0,1,0,8,21,0
"Taxon_029",0,35,128,0,0,58,1,0,0,84,26,4,16,21,35,28,249,5,16,52,3,8,24,16,69,118,0,105,99,5,0,51,97,1,16,57,285,0,144,4,0,33,125,45,12,217,75,271,65,214,2,1,7,80,316,75,130,1,0,73
"Taxon_030",46,27,6,228,192,0,0,125,63,0,0,155,0,308,297,0,13,0,80,13,0,13,18,57,0,377,147,166,208,39,13,31,377,31,21,20,0,127,233,111,166,63,159,0,42,3,0,0,100,66,20,0,6,25,1,2,9,0,1,0
"Taxon_031",0,0,79,150,788,18,95,3,78,7,236,0,88,0,0,54,21,104,59,0,156,0,0,26,65,448,83,0,0,16,0,93,28,187,0,86,0,91,72,243,0,31,0,99,5,0,99,207,267,30,47,137,110,0,0,0,0,139,0,104
"Taxon_032",0,165,0,0,4,103,0,210,104,0,51,177,0,30,0,49,35,0,15,0,0,160,0,10,0,25,0,0,1,160,34,416,95,15,0,16,0,143,79,22,185,256,3,187,50,65,2,7,0,21,153,0,183,378,91,26,29,0,0,188
"Taxon_033",23,107,17,18,75,0,422,0,62,200,39,27,23,9,0,16,0,0,4,0,0,21,76,18,41,185,123,2,25,822,76,83,78,20,214,5,74,4,2,9,0,0,127,240,16,33,14,171,0,1,29,6,235,0,257,21,0,12,24,26
"Taxon_034",186,168,3,11,163,3,164,159,10,66,125,9,35,0,2,151,65,103,15,290,0,92,21,0,56,1,1,58,4,5,55,38,129,0,47,0,0,292,9,239,13,0,70,15,26,55,0,3,4,2,0,5,4,78,223,0,179,533,15,154
"Taxon_035",0,247,0,0,0,0,0,0,26,0,0,108,105,4,147,0,0,0,30,0,0,0,180,2,50,0,278,5,21,0,105,1,0,144,15,0,130,0,15,41,1,14,63,175,0,0,68,29,30,93,20,92,2,55,112,3,0,0,0,0
"Taxon_036",7,142,0,178,0,0,1,59,71,13,0,275,68,130,12,0,0,46,31,0,31,125,0,1,0,72,139,150,2,641,111,105,0,15,103,2,211,126,0,194,0,9,0,64,0,111,165,0,0,71,120,21,618,4,0,0,184,49,2,1
"Taxon_037",51,72,0,0,19,20,80,1,21,1,328,30,111,0,246,12,281,371,0,123,0,15,311,93,455,32,59,26,5,0,44,0,0,149,1,93,17,43,15,108,505,0,0,58,296,8,45,7,0,19,152,67,57,25,30,0,396,38,179,38
"Taxon_038",0,136,0,163,314,1,0,0,23,48,39,25,339,3,29,2,103,86,97,0,0,142,0,157,53,21,23,0,3,61,212,9,0,0,16,19,179,131,8,0,0,82,54,349,12,0,0,21,2,0,7,46,268,6,239,50,0,9,0,383
"Taxon_039",25,0,0,35,145,0,224,0,0,102,0,0,29,2,152,1,0,0,64,148,0,0,0,0,6,105,0,15,0,3,0,0,0,0,88,1,38,0,16,0,234,26,2,0,13,121,15,11,0,11,6,34,106,0,54,55,81,0,0,70
"Taxon_040",0,21,0,24,2,78,52,10,20,9,22,235,14,26,0,2,0,0,24,11,89,106,12,0,0,23,119,14,10,0,0,4,0,254,105,2,0,118,0,22,65,44,19,63,3,49,14,0,0,116,71,3,303,0,0,176,0,0,0,0
"Taxon_041",9,231,133,0,26,128,6,47,273,48,363,17,230,11,0,4,47,28,8,1,0,87,1,43,14,0,48,195,0,21,24,5,205,543,1,1,11,0,3,5,0,37,2,81,166,98,117,211,0,9,48,152,132,69,61,47,362,111,67,2
"Taxon_042",27,4,108,246,0,37,79,25,78,37,5,46,201,0,137,0,109,2,63,0,62,170,145,109,21,0,9,26,46,89,64,137,2,3,7,41,24,17,8,55,11,540,54,55,217,238,171,113,16,95,0,0,12,51,51,0,8,161,0,305
"Taxon_043",7,87,13,96,6,1,0,14,74,61,127,453,137,87,16,126,221,0,6,205,11,301,6,107,0,82,54,16,16,0,171,0,18,8,16,33,44,62,3,99,52,131,105,28,308,47,2,12,952,2,74,20,1,79,79,105,124,0,0,121
"Taxon_044",3,3,12,96,142,147,5,83,84,0,51,47,219,0,7,8,25,4,330,0,78,37,0,545,232,3,11,383,16,3,0,0,2,33,244,5,28,2,117,0,33,9,11,79,155,3,9,52,42,418,34,6,840,232,138,56,74,140,0,315
"Taxon_045",8,0,5,118,8,77,42,42,162,31,169,14,47,46,12,150,4,94,0,255,107,81,1,0,19,6,2,2,220,118,450,232,8,0,98,30,0,275,0,18,126,73,100,13,62,0,0,178,90,0,9,14,0,3,25,0,1,32,11,63
"Taxon_046",0,4,11,9,1,43,4,43,5,0,0,0,45,4,38,140,78,1,29,31,2,1,0,1,9,335,167,55,3,0,474,1,196,3,19,12,65,3,3,17,150,0,74,0,2,0,211,12,156,174,16,2,21,51,3,0,46,337,41,1
"Taxon_047",53,74,0,8,0,0,354,0,0,0,130,20,179,164,0,15,7,8,165,24,20,32,0,0,2,3,173,0,89,201,0,64,11,26,12,9,0,37,2,14,26,19,157,2,0,55,87,202,0,63,0,2,10,124,8,3,0,77,193,31
"Taxon_048",218,1,0,0,0,223,16,41,0,2,145,0,3,174,64,49,0,0,0,67,87,5,0,88,0,0,0,146,89,0,9,0,53,0,5,0,57,0,4,40,0,0,7,1,0,152,28,349,118,389,24,112,0,134,21,0,10,4,0,10
"Taxon_049",575,3,61,2,6,27,64,2,12,14,2,0,24,0,0,53,0,145,304,0,63,6,167,0,20,0,0,80,0,2,0,186,405,165,9,272,304,3,0,24,46,0,0,118,0,62,0,9,70,0,35,0,0,0,0,0,0,27,233,0
"Taxon_050",37,6,12,45,81,175,80,32,11,5,0,95,23,0,60,0,23,392,0,2,306,24,1,69,0,11,461,2,0,162,264,62,0,46,61,189,233,0,4,118,51,0,116,67,17,132,74,1,2,11,211,0,184,93,53,208,185,2,16,46
"Taxon_051",0,7,5,0,4,0,1,148,8,45,159,56,26,0,44,13,0,66,44,55,38,28,0,0,0,24,23,313,87,9,0,114,586,0,29,0,47,422,57,69,69,233,210,78,0,0,1,0,1,0,8,357,368,56,0,50,95,77,30,162
"Taxon_052",20,0,5,243,307,71,5,34,50,2,26,34,21,0,99,895,21,104,33,35,124,192,28,0,10,3,0,0,14,76,0,3,220,89,143,49,1,4,87,32,203,139,534,250,63,44,4,46,9,44,61,151,54,21,336,11,42,98,53,89
"Taxon_053",179,44,1,0,18,290,62,0,2,7,68,91,25,97,259,49,0,10,0,249,44,0,8,9,36,0,139,271,0,6,9,118,2,0,36,6,0,0,63,4,0,0,24,75,93,43,30,15,0,303,13,1,47,3,0,1,0,14,8,319
"Taxon_054",102,74,128,1,143,6,0,94,7,128,118,278,8,99,46,51,32,5,2,6,314,390,315,30,122,436,0,80,63,121,0,20,20,289,0,78,128,9,180,7,3,295,2,0,17,30,48,2,0,221,5,21,20,65,36,13,2,70,78,79
"Taxon_055",134,39,76,37,11,0,39,113,0,0,0,0,0,0,405,40,6,19,113,69,0,175,11,0,1,60,0,31,0,50,106,0,19,47,0,37,44,126,466,0,58,157,0,0,116,0,291,0,0,0,10,14,0,22,12,72,180,0,7,0
"Taxon_056",29,74,44,24,27,44,0,0,0,52,17,98,2,64,0,252,4,0,79,0,18,141,24,0,36,110,0,112,1,36,247,327,27,10,13,102,834,71,0,15,15,198,0,119,4,4,13,1,24,188,23,19,73,4,11,2,42,74,52,0
"Taxon_057",189,0,0,0,76,93,0,82,178,0,26,0,0,0,0,0,71,0,0,55,13,101,153,0,164,0,317,87,0,0,6,0,170,358,30,0,41,0,29,415,147,165,0,160,74,269,0,21,10,0,0,132,22,0,0,146,42,0,0,0
"Taxon_058",100,21,0,0,0,0,0,39,0,67,220,0,111,0,0,46,30,146,42,0,0,40,86,27,68,0,4,44,0,83,0,44,0,18,0,12,47,0,0,565,0,34,58,0,125,4,7,0,4,147,194,2,0,28,252,8,0,68,13,47
"Taxon_059",72,40,1,0,3,66,15,0,0,0,27,0,0,305,0,0,97,2,245,27,149,0,6,0,0,24,93,0,0,0,33,793,247,6,0,0,0,35,0,95,0,0,28,0,0,232,84,0,2,33,5,0,57,126,0,230,68,0,0,24
"Taxon_060",16,0,191,85,38,9,54,37,173,0,4,16,20,0,103,0,44,0,16,16,10,0,114,49,0,0,119,57,0,76,114,25,309,70,0,95,5,194,9,2,0,8,289,0,46,80,1,2,0,27,275,295,1,7,483,101,0,306,49,0
"Taxon_061",207,39,248,99,116,51,0,16,139,52,548,78,751,1,45,214,0,3,0,5,371,0,9,131,14,2,14,1,17,24,2,123,49,31,75,0,36,0,276,317,18,102,200,92,0,226,0,13,0,60,26,125,10,10,256,216,145,0,19,0
"Taxon_062",81,168,0,101,58,0,0,0,140,0,38,58,57,0,10,0,80,0,0,1,0,45,183,113,0,162,0,40,176,0,0,55,0,4,82,4,2,57,25,69,0,0,182,0,9,42,18,0,33,0,0,0,77,3,177,9,0,83,2,0
"Taxon_063",0,176,237,214,0,0,378,0,0,74,37,327,9,0,9,149,0,0,9,3,0,0,2,0,8,0,46,0,55,36,0,8,119,13,110,53,0,0,0,0,0,0,270,0,88,0,10,0,0,61,121,23,72,22,0,0,0,0,28,0
"Taxon_064",152,0,5,2,0,115,0,0,37,9,0,363,31,136,67,21,0,7,46,427,63,26,0,0,34,0,28,140,0,0,0,0,693,50,0,478,19,0,0,0,53,11,53,0,2,378,1,314,8,62,13,3,0,37,0,220,228,0,59,1
"Taxon_065",68,3,3,0,0,0,0,58,183,130,0,27,0,74,155,0,0,0,0,70,0,0,1,34,16,105,141,18,1,0,2,74,76,31,157,10,53,146,9,89,81,18,1,155,15,4,280,0,0,0,107,0,0,154,33,92,104,0,26,0
"Taxon_066",0,22,28,0,59,23,24,74,2,74,0,2,177,0,0,113,91,57,22,0,0,46,125,16,0,122,126,164,0,0,31,35,215,0,21,6,63,13,0,0,0,192,113,135,66,222,1,0,0,63,149,14,45,77,7,416,279,258,0,0
"Taxon_067",22,0,31,9,27,228,0,96,222,0,98,5,0,0,19,63,213,33,11,192,172,0,166,0,135,56,51,122,1,83,152,99,0,89,5,72,0,11,0,25,0,429,81,41,41,0,1,47,0,0,10,0,291,0,0,55,56,71,0,298
"Taxon_068",28,63,65,19,5,229,590,45,8,59,63,13,126,22,188,568,0,40,30,0,0,3,5,135,45,4,37,77,18,91,54,69,4,154,64,456,3,404,29,89,26,26,6,0,0,8,1,59,119,0,6,65,14,0,86,318,1,0,19,0
"Taxon_069",238,2,135,357,0,49,184,36,88,351,394,28,231,94,9,3,0,77,87,0,165,77,161,0,0,374,27,155,68,4,2,41,0,11,39,395,137,0,375,146,76,0,27,3,458,3,0,26,27,62,376,19,33,0,100,21,120,329,105,12
"Taxon_070",88,37,145,0,12,209,34,210,105,419,216,36,11,21,7,35,70,21,76,330,27,13,0,16,127,97,10,115,6,10,4,43,17,53,6,12,106,1,99,0,0,20,23,25,205,6,6,0,5,14,54,32,13,33,1,22,45,79,42,14
"Taxon_071",4,359,0,33,178,21,0,132,39,5,0,6,139,0,39,38,5,31,4,378,0,17,136,28,0,37,15,2,4,6,0,181,41,16,0,111,56,7,190,0,0,48,240,153,39,0,0,41,23,1,40,218,51,20,0,39,28,103,0,117
"Taxon_072",0,0,23,20,10,103,29,0,4,7,0,0,0,35,31,0,60,0,0,0,2,118,21,6,21,28,41,0,231,13,231,0,0,0,77,15,6,0,0,7,0,0,137,39,0,0,0,0,33,254,0,240,0,0,0,116,0,35,23,183
"Taxon_073",7,0,92,1,0,96,150,0,345,3,0,92,15,7,312,3,47,6,0,256,0,8,8,134,1,0,573,15,0,196,124,0,0,327,0,105,9,0,3,5,0,54,13,129,0,0,39,0,0,94,0,320,0,37,55,0,0,0,0,9
"Taxon_074",5,92,750,191,24,14,85,221,0,0,0,26,0,42,42,0,59,10,0,0,0,1,8,33,4,0,213,0,7,17,6,4,31,157,67,15,13,18,0,58,69,0,5,15,14,167,319,11,0,96,0,0,90,70,0,28,16,0,201,46
"Taxon_075",411,5,96,3,286,0,119,67,10,62,205,353,44,98,56,2,11,42,0,35,133,26,3,6,100,0,240,3,32,95,28,63,0,0,0,9,292,53,128,275,39,25,41,120,66,0,16,7,0,33,35,156,42,5,3,216,263,21,182,62
"Taxon_076",50,35,0,75,25,0,34,0,0,60,0,0,35,61,0,0,0,15,62,0,161,167,90,0,4,9,0,0,254,0,0,0,12,1,9,40,0,0,0,7,20,0,0,155,181,491,0,10,49,90,359,62,34,0,513,117,0,43,83,12
"Taxon_077",16,217,0,14,23,23,2,139,70,5,18,0,34,83,23,4,3,1,14,7,88,0,84,17,1,398,7,34,33,26,325,127,46,48,94,179,40,326,3,5,48,389,1,192,18,558,10,8,14,3,0,251,0,8,6,11,25,316,118,57
"Taxon_078",0,117,47,0,0,137,88,0,0,29,0,0,0,0,23,0,0,136,33,0,0,128,0,102,170,0,0,0,0,109,0,145,0,1,63,0,36,0,49,248,1,41,2,122,0,156,99,78,0,10,1,8,3,80,86,0,0,50,0,0
"Taxon_079",19,183,47,61,281,0,150,50,39,0,33,6,67,23,43,0,0,3,0,146,162,250,6,0,21,72,0,0,46,87,58,3,44,43,24,0,15,11,1,64,1,2,413,3,165,51,51,2,128,25,115,104,0,0,128,47,0,353,0,72
"Taxon_080",0,1,145,116,188,56,57,195,78,34,10,18,230,34,55,93,18,16,4,4,170,13,66,0,86,0,303,5,45,29,3,222,45,427,117,225,9,84,10,16,9,105,11,3,3,29,105,142,121,159,24,273,0,131,78,42,141,323,24,0
"Taxon_081",1,0,7,18,3,0,0,0,19,75,5,0,7,0,2,2,0,21,73,16,215,0,0,165,0,96,9,2,93,4,0,0,0,38,1,3,5,16,313,89,0,425,90,13,15,174,214,407,575,0,196,3,0,81,0,218,38,24,0,117
"Taxon_082",21,60,0,0,114,0,244,102,3,0,0,218,229,0,0,5,0,89,18,59,16,52,19,2,120,0,63,0,6,7,6,163,1,12,2,65,2,93,52,73,14,0,26,35,83,71,36,64,174,0,0,24,2,0,623,0,148,25,248,25
"Taxon_083",0,15,59,8,2,87,42,10,135,15,57,772,1,0,36,60,68,12,51,382,16,105,0,11,84,77,62,9,126,62,2,125,1,97,213,3,61,107,128,0,0,1,0,0,0,11,13,483,87,3,1,16,17,96,39,0,6,275,108,9
"Taxon_084",0,62,3,524,1,30,0,249,4,236,0,37,113,48,125,0,15,6,27,0,83,124,237,55,11,149,13,30,0,38,2,4,23,16,18,119,269,20,0,6,59,95,70,6,1,17,61,0,0,0,17,89,24,0,21,35,0,245,96,11
"Taxon_085",69,7,0,0,63,123,12,351,2,190,296,0,0,338,120,26,0,1,0,4,16,0,0,223,379,0,25,36,92,4,300,13,0,3,76,7,54,29,23,47,8,56,64,1,34,263,134,1,73,19,19,158,3,11,262,1,68,37,14,0
"Taxon_086",0,0,8,83,0,50,17,0,0,35,0,397,0,181,9,115,28,60,80,0,63,19,69,0,0,0,232,386,0,2,103,0,48,136,77,135,0,79,0,86,0,71,6,152,37,0,2,83,0,8,0,0,16,177,114,0,0,0,0,0
"Taxon_087",16,77,4,77,36,42,0,43,44,22,100,73,8,0,24,0,26,0,0,169,0,0,5,6,243,0,1,5,0,0,455,448,127,0,181,4,59,3,41,0,33,0,62,245,70,0,13,97,4,30,2,0,0,51,139,0,0,5,50,22
"Taxon_088",21,76,14,21,4,15,39,70,31,127,0,53,580,31,0,139,56,4,102,7,31,18,16,0,348,65,133,0,42,1,70,119,152,104,63,6,0,125,11,164,0,7,49,221,460,0,217,42,4,35,0,16,210,91,5,11,35,25,1,0
"Taxon_089",28,18,307,139,241,8,74,12,8,215,410,11,28,121,458,19,0,14,259,128,0,0,9,171,75,138,57,165,96,161,63,71,87,68,13,340,9,52,312,10,298,2,5,41,32,79,0,2,41,133,35,19,177,210,157,31,356,205,241,1
"Taxon_090",692,0,0,0,109,5,94,0,97,13,40,35,0,14,210,68,0,152,21,66,0,12,88,104,95,71,230,0,0,0,70,214,4,27,0,22,129,33,4,28,11,123,1020,119,0,31,58,7,5,0,0,0,74,7,0,11,48,5,6,0
"Taxon_091",4,3,10,219,0,0,0,422,0,164,2,40,0,18,36,0,0,31,338,0,40,97,0,0,95,0,193,0,107,305,1,44,0,0,110,0,1,0,0,1,17,37,0,0,0,0,118,0,430,47,0,0,108,60,11,0,52,421,173,0
"Taxon_092",13,0,77,71,0,0,0,540,2,0,295,957,16,9,36,0,0,7,280,311,44,29,73,0,83,3,36,274,9,93,330,3,5,46,68,250,50,11,34,12,0,106,4,0,55,0,0,3,153,0,173,10,24,0,219,0,0,3,18,14
"Taxon_093",118,12,92,17,4,35,0,476,0,51,1,225,14,77,48,15,76,1,1,0,13,153,91,415,2,168,0,0,105,13,105,110,211,17,97,0,2,72,148,53,0,0,217,26,245,107,476,13,0,176,54,148,0,61,15,42,258,9,20,46
"Taxon_094",48,0,2,82,112,1,21,2,12,393,20,0,139,0,20,26,0,124,1,3,3,7,0,5,216,43,0,45,7,14,244,0,1,20,207,45,106,0,188,68,270,76,279,3,74,29,4,7,3,252,37,282,23,588,17,110,13,172,81,15
"Taxon_095",0,0,110,0,9,46,52,34,57,0,31,0,49,152,260,16,52,0,7,52,16,28,215,0,2,116,0,1,8,69,1,112,79,129,3,133,87,56,23,501,11,21,1,133,21,261,138,9,142,22,99,0,535,81,23,7,6,2,21,31
"Taxon_096",0,18,97,10,221,75,234,90,10,9,133,78,3,11,0,8,14,4,188,266,181,137,21,5,74,0,3,74,1,16,1,13,5,37,151,19,5,1,2,91,225,3,12,13,153,0,79,31,1,44,0,12,3,45,2,0,4,0,0,111
"Taxon_097",0,0,76,0,155,0,2,15,0,0,1,83,0,149,54,0,0,118,0,64,56,0,0,1,0,0,0,0,12,11,1,10,0,0,5,204,0,38,0,16,43,30,0,13,0,3,0,0,0,63,0,0,133,0,0,0,67,5,0,0
"Taxon_098",0,311,527,0,3,0,108,33,16,255,17,40,341,73,0,18,49,15,23,117,1,17,101,0,29,0,1,6,116,83,4,119,7,149,10,0,24,7,159,3,42,44,87,0,7,27,0,101,14,2,104,16,16,12,200,44,0,37,8,231
"Taxon_099",0,8,0,18,111,18,9,0,41,13,0,356,0,0,65,0,181,13,0,144,228,0,16,0,0,0,3,55,50,0,1,0,54,0,0,116,249,0,0,63,0,65,30,0,0,259,7,313,160,0,83,0,3,1,65,7,0,31,0,70
"Taxon_100",0,10,10,278,0,0,57,1,39,4,12,174,648,124,46,0,0,0,63,147,0,0,0,0,6,215,183,578,0,44,158,62,76,122,166,30,176,31,102,0,0,13,146,5,89,7,7,6,0,26,1,106,150,62,36,0,43,3,0,2
"Taxon_101",0,18,8,0,2,0,55,0,19,0,82,23,70,11,0,0,16,95,60,37,72,0,0,19,11,80,24,41,11,0,44,7,0,216,144,550,0,29,52,25,0,85,132,0,0,194,0,0,9,64,0,45,22,0,7,89,78,6,0,0
"Taxon_102",49,52,0,0,23,0,10,9,28,0,255,43,12,0,209,0,16,0,38,196,17,3,12,32,0,5,12,78,0,0,54,0,52,0,62,68,2,2,0,237,0,0,0,0,74,8,15,36,0,0,231,92,0,163,0,0,5,27,53,6
"Taxon_103",40,145,142,1,200,80,0,25,0,156,22,4,228,6,6,132,9,24,14,80,151,280,0,0,140,0,33,225,46,43,50,235,224,0,37,7,154,0,100,0,107,0,0,86,132,2,86,361,0,41,103,79,50,0,184,0,11,43,40,201
"Taxon_104",0,0,3,86,49,30,0,2,0,0,42,0,0,154,0,0,0,7,0,40,121,0,7,5,0,61,130,74,48,66,0,2,0,25,7,0,314,4,172,58,51,39,6,56,51,0,34,0,1,30,0,35,0,85,0,0,18,0,0,0
"Taxon_105",0,42,29,11,0,156,0,1,139,0,215,39,115,15,65,46,42,6,65,672,0,0,15,12,85,0,0,80,335,46,0,0,43,438,0,46,0,176,1,0,32,129,10,0,0,0,88,53,0,0,0,0,0,41,121,70,0,0,7,34
"Taxon_106",149,55,19,8,11,21,0,2,0,54,109,154,0,65,147,21,35,278,5,0,11,0,154,0,237,4,0,242,15,2,18,1,0,0,28,27,74,173,27,0,0,121,300,6,0,2,981,0,0,0,248,250,13,86,0,97,0,6,2,5
"Taxon_107",85,596,39,45,11,1,18,35,69,0,3,73,101,311,90,4,70,113,165,16,76,61,6,8,191,0,103,1,164,69,144,1,120,1,70,168,0,0,179,0,12,30,4,10,264,0,0,433,1,63,89,111,50,19,14,60,4,253,4,20
"Taxon_108",233,146,1,17,67,1,22,136,104,0,11,416,2,0,195,13,0,133,0,0,2,46,23,19,6,26,0,52,0,8,234,6,2,0,17,0,0,208,23,147,1,3,32,14,6,116,10,26,15,0,77,0,49,4,145,247,0,0,63,18
"Taxon_109",67,61,203,950,32,1,30,0,1,0,114,46,34,1,496,22,56,0,7,3,0,0,129,0,19,53,61,74,86,34,14,70,0,42,0,77,0,167,527,9,35,20,105,8,0,30,0,18,142,56,75,114,7,27,32,89,0,667,52,1
"Taxon_110",0,14,0,12,17,2,24,166,56,0,0,0,102,2,92,0,3,0,279,5,367,2,10,56,0,0,0,0,58,227,56,50,134,43,0,0,4,14,53,0,18,0,11,0,15,49,0,194,4,50,115,116,47,0,23,0,0,0,25,53
"Taxon_111",8,0,0,350,39,5,0,77,128,280,0,85,397,0,21,14,0,0,23,0,331,5,18,1,166,74,0,0,0,538,0,280,6,71,13,0,147,0,0,0,30,0,72,0,0,14,0,59,2,198,0,7,0,95,0,0,341,3,53,3
"Taxon_112",0,10,49,63,212,70,0,2,112,1,0,268,2,0,24,192,201,818,6,0,230,56,0,2,368,230,20,5,0,7,124,294,439,0,77,2,115,43,158,0,0,60,55,8,9,65,241,0,155,49,0,0,7,239,0,653,0,177,68,0
"Taxon_113",229,0,147,57,5,17,35,41,54,285,297,20,54,15,17,5,0,122,154,29,2,1,104,390,2,134,60,0,504,11,8,124,128,3,121,18,32,106,19,27,50,133,0,5,182,4,31,21,0,90,3,0,19,1,368,130,119,54,197,238
"Taxon_114",57,9,12,13,0,0,59,18,452,47,125,246,22,40,44,8,64,0,0,24,0,0,0,0,0,0,3,0,73,0,1,298,45,0,44,0,43,59,0,60,7,0,20,0,0,0,25,57,0,10,313,0,0,58,2,187,108,8,10,166
"Taxon_115",1,139,4,4,0,144,34,4,353,79,24,4,169,15,9,119,21,11,107,47,153,68,4,101,18,127,95,99,5,20,1,236,48,448,86,1,6,125,137,108,0,8,127,40,0,4,115,137,7,20,3,29,0,43,0,518,0,21,19,65
"Taxon_116",1,328,5,24,0,0,51,17,231,162,20,32,31,0,335,8,19,0,0,0,339,58,90,0,0,235,8,28,0,334,17,73,0,1,0,128,84,0,0,0,39,0,0,67,0,0,0,3,0,14,0,0,0,0,0,125,12,558,36,2
"Taxon_117",6,166,19,108,177,59,128,1,138,109,57,2,0,99,33,188,7,20,153,0,0,1,0,34,4,29,144,0,0,629,10,129,0,7,63,0,32,32,18,65,51,254,24,12,0,204,0,8,38,109,64,37,0,19,182,153,244,84,1,137
"Taxon_118",46,241,1,206,120,2,187,0,0,215,120,87,238,164,100,89,177,8,6,0,406,55,7,119,23,62,12,166,58,25,0,36,69,28,0,36,0,1,57,46,6,544,345,29,2,39,0,155,10,30,20,0,0,179,12,121,0,63,110,0
"Taxon_119",4,251,54,33,0,0,30,12,22,193,0,81,8,15,80,79,10,61,121,1,76,0,0,28,360,0,71,167,12,0,0,0,28,27,0,0,16,411,0,24,213,52,99,6,36,7,0,36,0,0,0,155,33,276,0,0,107,288,68,0
"Taxon_120",8,19,26,207,0,0,13,0,45,0,19,3,22,62,7,90,13,2,46,0,66,0,112,5,6,11,0,114,0,3,0,45,104,36,82,90,0,0,161,0,5,0,15,52,0,54,0,0,0,176,32,13,31,0,84,155,106,0,31,321
"Taxon_121",0,0,114,0,0,205,313,0,66,66,8,0,77,216,0,64,151,34,34,20,24,3,1,0,211,0,0,0,0,688,0,0,131,22,82,16,6,97,0,0,134,0,5,4,0,0,39,11,128,42,0,0,66,0,18,3,121,0,82,63
"Taxon_122",62,1,0,49,0,53,3,143,0,19,72,1,0,15,10,395,0,1,0,191,48,19,157,0,35,96,150,0,0,24,0,0,104,79,9,1,261,196,0,194,52,0,0,8,0,144,133,19,0,25,0,137,58,96,28,334,67,16,0,8
"Taxon_123",0,105,14,100,711,10,0,25,0,57,34,257,42,0,799,214,339,0,102,108,0,3,28,5,12,42,15,48,5,29,24,4,10,177,0,39,12,230,7,28,98,14,207,0,83,0,13,4,0,40,68,32,38,23,10,276,302,30,39,30
"Taxon_124",4,101,66,16,7,50,0,9,19,14,18,19,235,37,2,14,186,170,120,36,96,0,360,2,213,1,0,23,191,0,0,42,11,4,55,0,14,104,193,24,64,0,0,0,113,0,0,291,2,26,178,0,4,3,6,83,170,78,86,10
"Taxon_125",0,0,34,278,0,6,7,18,7,15,162,0,2,19,0,0,0,603,0,0,1,40,1,0,120,0,127,26,8,1,27,390,0,134,0,0,0,6,22,0,50,0,0,132,0,161,1,4,4,19,23,0,24,29,0,0,0,0,0,93
"Taxon_126",116,38,32,59,187,52,3,72,8,241,5,45,13,2,94,24,64,81,214,194,61,175,199,2,12,0,73,118,11,306,11,0,17,74,0,58,18,171,114,64,15,81,383,89,13,8,47,140,2,2,136,171,1,1,99,92,32,52,81,163
"Taxon_127",0,14,24,0,51,0,233,0,197,2,28,227,24,0,0,204,37,17,1,149,158,1,3,0,247,13,307,0,147,59,0,83,224,0,0,8,275,8,250,1,0,1,7,61,2,145,0,67,28,81,0,182,22,281,170,118,46,1,62,124
"Taxon_128",1,32,98,97,160,59,0,0,0,235,73,265,0,21,13,0,12,7,12,30,78,0,96,140,16,47,28,9,272,316,0,0,0,127,415,156,59,9,12,7,0,103,1,58,55,194,0,89,0,7,0,0,5,291,177,62,16,58,0,28
"Taxon_129",0,0,0,14,48,32,66,0,190,3,79,0,23,237,42,171,141,8,0,31,10,188,47,205,0,8,0,0,23,0,21,0,0,4,39,0,0,0,1,0,87,84,0,60,0,194,13,0,1,35,0,43,194,18,106,11,3,257,126,0
"Taxon_130",75,205,98,1,241,55,48,113,8,8,111,388,47,90,70,8,11,123,6,27,0,2,0,30,0,99,31,311,103,69,172,0,16,540,101,0,308,13,0,8,17,183,595,118,89,31,13,2,25,0,117,15,6,0,8,188,359,97,43,62
"Taxon_131",97,11,30,18,239,209,21,20,24,3,65,0,34,10,128,611,57,32,180,0,0,374,11,158,0,127,0,95,1,45,0,13,41,132,32,24,58,78,320,1,35,59,68,78,133,216,165,301,81,76,0,139,243,355,10,33,184,13,320,3
"Taxon_132",487,0,154,10,44,0,1,55,32,6,0,96,0,85,0,0,632,81,14,37,235,110,11,72,0,0,163,101,19,122,26,21,93,10,44,44,15,0,0,0,0,4,0,25,441,132,0,31,0,180,152,0,101,279,2,113,5,12,0,24
"Taxon_133",2,0,12,40,0,6,12,91,50,120,34,18,13,22,8,84,25,22,13,21,105,0,0,0,110,2,2,0,63,0,0,52,0,56,354,23,183,141,0,129,10,53,10,0,227,0,9,0,0,40,0,237,0,74,30,164,86,125,69,63
"Taxon_134",25,0,0,49,2,357,15,0,51,312,12,44,0,0,176,0,0,11,11,51,89,9,13,210,22,70,7,173,274,0,14,151,13,1,131,149,0,147,21,371,0,268,18,79,0,250,148,1,0,0,177,272,184,0,190,41,0,1,0,0
"Taxon_135",42,22,9,0,0,22,0,37,5,22,0,0,41,0,175,11,34,178,0,69,0,34,192,0,229,124,60,0,0,49,4,35,274,113,13,204,86,16,0,29,68,53,0,71,0,19,7,117,1,0,160,0,38,58,278,1,145,4,34,105
"Taxon_136",39,269,0,0,16,8,78,230,0,104,251,0,286,0,20,645,0,12,77,0,0,42,20,0,0,0,103,69,5,0,0,0,0,0,105,19,155,15,0,98,253,43,18,1,238,0,36,0,0,6,0,0,318,27,0,8,199,5,13,4
"Taxon_137",58,22,47,0,16,107,0,5,60,0,219,302,20,1,0,4,103,0,5,130,228,74,316,0,12,7,130,40,93,53,0,258,6,54,0,186,31,202,4,156,0,9,17,0,169,840,0,24,511,2,6,28,10,85,570,1,33,24,135,377
"Taxon_138",0,0,31,38,91,29,75,0,0,81,19,0,13,0,0,0,53,1,29,4,0,427,3,0,0,0,18,10,0,103,30,27,97,3,0,0,0,57,138,16,0,0,2,0,12,0,15,351,10,0,0,0,97,77,371,47,14,23,5,7
"Taxon_139",47,62,0,288,36,0,122,50,118,111,8,0,0,85,0,317,230,0,263,114,0,30,19,17,0,24,0,0,27,40,0,138,162,1,0,0,12,0,1,34,0,0,179,0,0,0,0,0,0,252,0,8,0,0,0,360,1,2,0,0
"Taxon_140",3,24,6,153,179,32,1,149,0,39,23,222,136,0,60,86,6,9,92,7,14,229,39,0,34,104,48,36,0,6,40,63,8,199,147,10,220,156,0,146,65,1,5,27,121,58,3,12,22,275,7,47,172,99,524,15,356,180,42,315
"Taxon_141",398,0,10,34,0,104,0,69,90,153,37,36,6,3,0,310,30,76,30,202,0,0,184,0,4,197,333,65,82,0,92,3,37,0,0,17,0,0,0,34,35,0,284,59,20,96,20,0,193,33,284,19,3,29,4,209,751,10,87,99
"Taxon_142",498,16,0,7,435,0,0,0,41,11,0,867,10,113,7,135,0,0,157,0,0,45,468,35,0,0,37,0,94,0,3,0,158,0,40,1,223,155,0,3,71,42,0,37,99,28,0,0,0,0,139,30,0,0,41,331,4,0,0,1
"Taxon_143",74,40,122,139,14,139,0,0,2,0,0,151,256,206,36,69,0,0,184,28,130,0,44,0,156,0,11,0,0,2,5,103,12,117,36,14,1,114,0,2,6,280,33,3,0,0,0,1,38,162,7,15,23,6,26,160,7,228,90,41
"Taxon_144",12,77,2,38,302,84,0,79,120,13,3,0,11,6,21,0,4,44,4,66,38,113,1,5,34,78,0,93,331,212,2,144,0,0,22,372,2,359,0,57,69,38,0,127,199,10,10,189,0,8,0,2,111,0,242,15,0,56,93,50
"Taxon_145",13,0,0,0,6,46,0,226,503,1,1,54,79,70,0,33,0,104,0,0,1,0,42,347,18,0,18,1,0,0,97,49,13,135,20,15,266,15,68,0,60,66,0,0,0,71,0,74,125,209,0,0,30,0,0,10,129,0,100,2
"Taxon_146",0,0,26,134,90,0,2,197,87,0,0,56,5,54,1,0,113,2,25,1,12,37,0,10,182,27,25,4,116,365,3,3,19,76,152,0,19,52,134,17,19,181,12,107,4,4,0,3,0,44,47,251,334,101,114,26,16,0,43,0
"Taxon_147",8,0,5,5,21,0,5,0,43,0,12,198,18,0,147,32,0,116,284,182,49,86,1,240,0,7,60,0,0,0,9,0,0,77,3,3,219,0,0,49,8,0,28,30,0,15,226,30,1,144,3,13,1,0,98,0,43,80,29,1
"Taxon_148",25,14,124,1,240,0,0,130,5,26,6,0,8,7,1,0,0,350,332,0,12,39,120,36,9,0,0,0,21,35,0,62,58,11,0,3,25,58,7,126,0,63,303,67,0,10,0,45,0,61,156,0,6,1,0,27,0,29,0,145
"Taxon_149",25,23,3,1,373,0,101,48,30,30,9,192,159,31,147,0,29,585,24,705,1,170,0,62,117,22,45,5,168,2,155,2,241,189,19,2,38,102,31,98,212,18,149,71,21,118,37,382,237,51,244,37,69,38,88,49,171,0,1,0
"Taxon_150",88,4,168,46,13,4,265,187,14,116,3,50,127,139,16,66,4,134,97,3,16,174,4,149,13,33,2,671,3,16,86,0,73,0,155,2,14,13,10,324,426,20,190,1,0,29,13,164,10,0,7,70,0,529,73,45,101,11,211,11
"Taxon_151",107,14,38,0,199,32,0,49,10,0,93,0,0,165,6,75,49,60,8,0,1,8,0,29,394,0,38,110,0,144,22,0,58,7,65,60,129,18,99,185,439,83,694,0,29,0,0,135,30,55,292,129,0,0,10,12,0,3,3,0
"Taxon_152",117,153,0,0,112,34,167,0,197,0,57,11,0,1,53,0,2,0,5,111,108,139,8,4,34,24,97,12,3,0,233,130,0,0,166,2,74,0,46,145,2,0,175,59,0,18,0,23,38,159,18,27,0,132,0,51,226,0,3,0
"Taxon_153",0,35,31,0,16,46,0,146,7,0,0,67,0,0,38,179,42,3,126,16,253,222,41,7,325,0,0,0,117,41,11,5,13,0,1,88,101,0,1,0,0,48,146,80,30,0,30,149,0,0,6,0,100,0,19,16,1,0,4,0
"Taxon_154",7,15,0,26,25,0,53,14,18,45,5,3,492,0,23,0,19,3,11,35,0,10,10,99,233,31,41,56,285,223,36,15,250,11,100,11,337,23,31,6,202,31,5,23,0,85,0,41,0,86,0,0,27,49,0,12,32,0,117,30
"Taxon_155",27,432,45,74,367,11,6,9,16,437,52,124,0,160,0,47,29,133,43,137,0,63,1,0,119,85,142,13,0,1,8,1,1,0,203,10,123,0,224,1,5,0,109,0,91,0,83,0,83,109,1,73,1,55,105,106,67,355,0,268
"Taxon_156",0,0,13,300,176,3,13,0,5,0,95,42,69,7,31,240,0,13,0,12,4,141,36,5,3,27,16,90,59,0,14,0,127,260,0,11,0,35,0,78,133,44,0,0,253,12,126,351,2,0,0,142,1,261,144,8,13,7,9,0
"Taxon_157",2,0,52,114,99,0,250,0,86,95,4,0,0,0,3,0,0,562,0,0,0,336,0,0,319,0,447,75,21,2,45,5,125,180,35,119,8,6,0,19,0,219,11,0,0,81,0,105,0,0,0,1,115,603,0,0,0,55,0,58
"Taxon_158",159,105,187,77,9,96,16,81,2,101,3,55,15,52,0,127,8,21,0,37,196,30,415,17,3,5,13,40,327,468,65,0,7,76,78,52,148,71,7,97,7,159,0,164,16,84,19,49,109,15,51,59,30,10,291,255,362,161,0,0
"Taxon_159",0,7,0,14,33,9,11,39,205,1,0,117,58,428,11,82,1,0,3,375,40,0,4,0,55,14,0,0,40,18,0,57,23,59,15,48,148,20,28,15,89,0,12,0,9,50,0,0,136,119,272,54,0,35,125,191,8,0,13,0
"Taxon_160",80,676,178,15,94,0,148,102,47,0,16,11,20,212,12,217,38,121,56,9,189,30,30,0,4,25,9,12,0,865,25,125,41,125,2,78,43,17,49,190,18,26,4,14,35,19,9,0,12,42,716,36,28,26,224,53,5,7,1,65
"Taxon_161",0,0,0,0,0,0,0,0,0,0,0,0,0,0,0,0,0,0,0,0,0,0,0,0,0,0,0,0,0,0,1,0,0,0,0,0,0,0,0,0,0,0,0,0,0,0,0,0,0,0,0,0,0,0,0,0,0,0,0,0
"Taxon_162",0,0,0,0,8,0,0,0,0,0,0,0,0,0,0,0,0,0,0,0,0,0,0,0,0,0,0,0,0,0,0,0,0,0,0,0,0,0,0,0,0,0,0,0,0,0,0,0,0,0,0,0,0,0,0,0,0,0,0,0
"Taxon_163",0,0,0,0,0,0,0,0,0,0,0,0,0,0,0,0,0,0,0,0,0,0,0,0,0,0,0,0,0,0,10,0,0,0,0,0,0,0,0,0,0,0,0,0,0,0,0,0,0,0,0,0,0,0,0,0,0,0,0,0
"Taxon_164",0,0,0,0,0,0,0,0,0,0,0,0,0,0,0,0,0,0,0,0,0,0,0,0,0,0,0,4,0,0,0,0,0,0,0,0,0,0,0,0,0,0,0,0,0,0,0,0,0,0,0,0,0,0,0,0,0,0,0,0
"Taxon_165",0,0,0,11,0,0,0,0,0,0,0,0,0,0,0,0,0,0,0,0,0,0,0,0,0,0,0,0,0,0,0,0,0,0,0,0,0,0,0,0,0,0,0,0,0,0,0,0,0,1,0,0,0,0,0,0,0,0,0,0
"Taxon_166",0,0,0,0,0,0,0,0,0,0,0,0,0,0,0,0,0,0,10,0,0,0,0,1,0,0,0,0,0,0,0,0,0,0,0,0,0,0,0,0,0,0,0,0,0,0,0,0,0,0,0,0,0,0,0,0,0,0,0,0
"Taxon_167",0,0,0,0,0,0,0,0,0,0,0,23,0,0,0,0,0,0,0,0,0,0,0,0,0,0,0,0,0,0,0,0,0,0,0,0,0,0,0,0,0,0,0,0,0,0,0,0,0,0,0,0,0,0,0,0,0,0,0,0
"Taxon_168",0,0,0,0,0,0,0,0,0,0,0,0,0,0,0,0,0,0,0,0,0,0,0,0,0,0,0,0,0,3,0,0,0,0,0,0,0,0,0,0,0,0,0,0,0,0,0,0,0,0,0,0,0,0,0,0,0,0,0,0
"Taxon_169",0,0,0,0,1,0,0,0,0,0,0,0,0,0,0,0,0,0,0,0,0,0,0,0,0,0,0,0,0,0,0,0,0,0,9,0,0,0,0,0,0,0,0,0,0,0,0,0,0,0,0,0,0,0,0,0,0,0,0,0
"Taxon_170",0,0,0,0,0,0,0,0,0,0,0,0,0,0,0,0,0,0,0,0,0,2,0,0,0,28,0,0,0,0,0,0,0,0,0,0,0,0,0,0,0,0,0,0,0,0,0,0,0,0,0,0,0,0,1,0,0,0,0,0
"Taxon_171",0,0,0,0,0,0,0,0,0,0,0,0,0,0,0,0,0,0,0,0,0,0,0,0,0,0,0,0,0,0,0,0,0,0,0,0,0,0,0,0,0,0,0,0,0,0,0,0,0,0,0,0,0,18,2,0,0,0,0,0
"Taxon_172",0,0,0,0,0,0,2,0,0,0,0,0,0,0,0,0,0,0,0,0,0,0,0,0,0,0,0,0,0,0,0,0,0,0,0,0,0,0,0,0,0,0,0,0,0,0,0,0,0,0,0,0,0,0,0,0,0,0,0,0
"Taxon_173",0,0,0,0,0,0,0,0,0,0,0,0,0,0,0,0,1,0,0,0,0,0,0,0,0,0,0,0,0,0,0,0,0,0,0,0,0,0,0,0,0,0,0,0,0,0,0,0,0,0,0,0,0,0,0,0,0,0,4,0
"Taxon_174",0,0,0,0,0,0,0,0,0,0,0,0,0,0,0,0,0,0,0,0,0,0,0,0,0,0,0,0,0,0,0,0,0,0,0,0,0,0,0,0,0,0,0,0,0,0,0,0,0,0,0,0,0,0,0,0,0,0,0,0
"Taxon_175",0,0,0,0,0,0,0,0,0,0,0,0,0,0,0,0,0,0,0,0,0,0,0,0,0,0,0,0,0,0,0,0,0,0,0,0,0,0,0,0,1,0,0,0,0,0,0,0,0,0,0,0,0,0,0,0,0,0,0,0
"Taxon_176",0,0,0,0,0,0,0,0,0,0,0,0,0,0,0,0,0,0,0,0,0,0,0,0,0,0,0,0,0,0,0,0,0,0,0,0,0,0,0,0,0,0,0,0,0,0,0,0,0,0,0,0,0,35,0,0,0,0,0,0
"Taxon_177",0,0,0,0,0,0,0,0,0,0,0,0,0,0,0,0,0,0,0,0,0,0,0,0,0,0,0,0,0,0,0,0,0,0,0,0,0,0,0,0,0,0,0,0,0,0,1,0,0,0,0,0,0,0,0,0,0,0,0,0
"Taxon_178",0,0,0,0,0,0,0,0,0,0,0,0,0,0,0,0,0,0,0,0,0,0,0,0,0,0,0,0,0,47,0,0,0,0,0,0,0,0,0,0,0,0,0,0,0,0,0,0,0,0,0,0,0,0,0,0,0,0,0,0
"Taxon_179",0,0,0,0,0,0,0,0,0,0,0,0,0,0,0,0,0,0,0,0,0,0,0,0,1,0,0,0,0,0,0,0,0,0,0,0,0,0,0,0,0,0,0,0,0,0,0,0,0,0,0,0,0,0,0,0,0,3,0,0
"Taxon_180",0,0,0,0,0,0,0,0,0,0,0,0,0,0,0,0,0,0,0,0,0,0,0,0,0,0,0,0,0,0,0,0,0,0,0,0,0,0,0,0,0,0,0,0,0,0,0,0,0,0,0,0,0,0,0,7,0,0,0,0
"Taxon_181",0,0,0,0,0,0,0,0,0,0,0,0,0,0,0,0,0,0,0,0,0,0,0,0,0,0,1,0,0,0,0,0,0,0,0,0,0,0,0,0,0,0,0,0,0,0,0,0,0,0,0,0,0,0,0,0,0,2,0,0
"Taxon_182",0,0,0,0,0,0,0,0,0,0,0,0,0,0,0,0,0,0,0,0,0,0,0,0,0,0,0,0,0,0,0,0,0,0,0,0,0,0,0,0,0,0,0,0,0,0,0,0,0,18,0,0,0,0,0,0,39,0,0,0
"Taxon_183",0,0,0,0,0,0,0,0,0,22,0,0,0,0,0,0,0,0,0,0,0,0,0,0,0,0,0,0,0,0,0,0,0,0,0,0,0,0,0,0,0,0,0,0,0,0,0,0,0,0,0,0,0,0,0,0,0,0,13,0
"Taxon_184",0,0,0,0,0,0,0,0,0,0,0,0,0,0,0,0,0,0,0,0,0,0,0,0,0,0,0,0,0,0,0,0,0,0,0,0,0,0,0,0,0,0,0,0,0,0,0,0,0,0,0,0,0,0,0,0,0,0,0,0
"Taxon_185",0,7,0,0,0,0,0,0,0,0,0,0,0,0,0,0,0,0,0,0,0,0,0,0,0,0,0,0,0,0,0,0,0,0,0,0,0,0,0,0,0,0,0,1,0,0,0,0,0,0,0,0,0,0,0,0,0,0,0,0
"Taxon_186",0,0,0,0,0,0,0,0,0,0,0,0,0,0,0,0,0,0,0,0,0,0,0,0,0,0,0,0,0,0,0,0,0,0,0,0,0,0,0,0,0,0,0,0,0,0,0,0,0,0,0,0,0,0,0,0,0,0,0,0
"Taxon_187",0,0,0,0,0,0,5,0,0,0,0,0,0,0,0,0,0,0,0,5,0,0,0,0,0,0,0,0,0,0,0,0,0,0,1,0,0,0,0,0,0,0,0,0,0,0,0,0,0,0,0,0,0,0,0,0,0,0,0,0
"Taxon_188",0,0,0,0,0,0,0,0,0,0,0,0,0,0,0,0,3,2,0,0,41,0,0,0,0,0,0,0,0,0,0,0,0,0,0,0,0,0,0,0,0,0,0,0,0,0,0,0,0,0,0,0,0,0,0,0,0,0,0,0
"Taxon_189",0,0,0,0,0,0,0,0,0,0,0,0,0,0,0,0,0,0,0,0,0,0,0,0,4,0,0,0,0,0,0,0,0,0,0,0,0,0,0,0,0,0,0,0,0,0,0,0,0,0,0,0,0,0,0,0,0,0,0,0
"Taxon_190",0,0,0,0,0,0,0,0,0,0,5,0,0,0,0,0,0,0,16,0,0,0,0,4,0,0,0,0,0,0,0,0,0,0,0,0,0,0,0,0,0,0,0,0,0,0,0,0,0,0,0,0,0,0,0,0,0,0,0,0
"Taxon_191",0,0,0,0,0,0,0,0,0,0,0,0,0,0,0,0,0,0,0,0,0,0,0,0,0,0,0,0,0,0,0,0,0,0,0,0,0,0,0,0,0,0,0,0,0,0,0,0,0,0,0,0,0,0,0,10,0,0,0,0
"Taxon_192",0,0,0,0,19,0,0,0,0,0,0,0,0,0,0,0,0,0,0,0,0,0,0,0,0,20,0,0,0,0,0,0,0,0,0,0,0,0,0,0,0,0,0,0,0,0,0,0,0,0,0,0,0,0,0,0,0,0,0,0
"Taxon_193",0,0,0,0,0,0,0,0,0,0,0,0,0,0,0,0,0,0,0,0,0,0,0,0,0,0,0,0,0,0,0,0,0,0,0,0,2,0,0,0,0,0,0,2,0,0,0,0,0,0,0,0,0,0,0,6,0,0,0,0
"Taxon_194",0,0,0,0,0,0,0,0,0,2,0,0,0,0,0,0,0,0,0,0,0,0,4,0,0,0,0,76,0,0,0,0,0,0,0,0,0,0,0,0,0,0,0,24,0,0,0,0,0,0,0,0,0,0,0,0,0,0,0,0
"Taxon_195",0,0,0,0,39,0,0,0,0,0,0,0,0,0,0,0,0,0,0,0,0,0,0,0,0,7,0,0,0,0,0,0,0,0,0,0,0,0,0,0,0,0,0,0,0,0,0,1,0,0,0,0,0,0,0,0,0,0,0,0
"Taxon_196",0,0,0,0,0,0,0,0,0,0,0,0,0,0,0,0,0,2,0,0,0,0,0,0,0,0,0,0,0,0,0,0,0,0,0,0,30,0,0,0,0,0,0,0,2,0,0,0,0,0,0,0,0,0,0,0,0,0,0,0
"Taxon_197",0,0,0,0,0,11,0,0,0,0,0,0,0,0,0,0,0,0,0,0,0,0,0,0,0,0,0,0,0,0,0,0,0,0,0,0,0,0,0,0,0,0,0,0,0,0,0,0,0,0,0,12,0,0,0,0,0,0,0,0
"Taxon_198",0,0,0,0,0,0,0,0,0,0,0,0,0,0,0,0,0,0,0,0,0,0,0,0,0,0,0,0,0,0,0,0,0,0,0,0,0,2,0,0,0,0,0,0,0,0,0,0,0,0,0,0,0,0,0,0,0,0,0,0
"Taxon_199",0,0,0,0,0,0,0,0,5,0,0,0,0,0,0,0,0,0,0,0,0,0,0,0,0,0,0,0,0,0,0,0,0,0,0,0,0,0,0,0,0,0,0,0,0,0,0,0,0,0,0,0,0,0,0,0,0,0,0,0
"Taxon_200",0,0,0,0,0,0,0,0,0,0,0,0,0,0,0,0,0,0,0,0,0,0,0,33,0,0,0,0,0,0,0,0,0,0,0,0,0,0,0,0,0,0,0,0,0,0,0,0,0,0,0,0,0,0,0,0,0,3,0,0
